{
  "ROUTES": [
    {
      "stateName": "main.advisorLocator.advisorList",
      "isAbstract": false,
      "pageName": "advisorList"
    },
    {
      "stateName": "main.advisorLocator.advisorDetails",
      "isAbstract": false,
      "pageName": "advisorDetail"
    },
    {
      "stateName": "main.advisorLocator.branchList",
      "isAbstract": false,
      "pageName": "branchList"
    },
    {
      "stateName": "main.advisorLocator.branchListQuery",
      "isAbstract": false,
      "pageName": "branchListQuery"
    },
    {
      "stateName": "main.advisorLocator.branchesQuery",
      "isAbstract": false,
      "pageName": "branchList"
    },
    {
      "stateName": "main.advisorLocator.branchDetails",
      "isAbstract": false,
      "pageName": "branchDetail"
    },
    {
      "stateName": "main",
      "isAbstract": true,
      "pageName": ""
    },
    {
      "stateName": "main.advisorLocator",
      "isAbstract": true,
      "pageName": ""
    }
  ]
}